{"cameraMode":{"drawMode":0,"name":"Shaded","section":"Shading Mode"},"sceneLighting":false,"audioPlay":false,"sceneViewState":{"showFog":true,"showMaterialUpdate":true,"showSkybox":true,"showFlares":true,"showImageEffects":true,"showParticleSystems":true},"in2DMode":false,"pivot":{"x":-8.177159309387207,"y":0.8826676607131958,"z":-1.5307954549789429},"rotation":{"x":-0.20519547164440156,"y":0.6996399164199829,"z":-0.22172300517559052,"w":-0.6474873423576355},"size":4.411903381347656,"orthographic":false}