{"cameraMode":{"drawMode":0,"name":"Shaded","section":"Shading Mode"},"sceneLighting":true,"audioPlay":false,"sceneViewState":{"showFog":true,"showMaterialUpdate":true,"showSkybox":true,"showFlares":true,"showImageEffects":true,"showParticleSystems":true},"in2DMode":false,"pivot":{"x":-5.158671855926514,"y":-2.756239652633667,"z":-0.29626965522766116},"rotation":{"x":0.16958704590797425,"y":-0.6806305646896362,"z":0.16656169295310975,"w":0.6929938197135925},"size":16.84316635131836,"orthographic":false}