{"cameraMode":{"drawMode":0,"name":"Shaded","section":"Shading Mode"},"sceneLighting":true,"audioPlay":false,"sceneViewState":{"showFog":true,"showMaterialUpdate":true,"showSkybox":true,"showFlares":true,"showImageEffects":true,"showParticleSystems":true},"in2DMode":false,"pivot":{"x":18.066001892089845,"y":-3.7985219955444338,"z":-0.39205312728881838},"rotation":{"x":-0.13805510103702546,"y":-0.7568398118019104,"z":0.16964147984981538,"w":-0.615919828414917},"size":16.84316635131836,"orthographic":false}