{"cameraMode":{"drawMode":0,"name":"Shaded","section":"Shading Mode"},"sceneLighting":false,"audioPlay":false,"sceneViewState":{"showFog":true,"showMaterialUpdate":true,"showSkybox":true,"showFlares":true,"showImageEffects":true,"showParticleSystems":true},"in2DMode":false,"pivot":{"x":-6.2748308181762699,"y":0.24808768928050996,"z":-1.5636354684829713},"rotation":{"x":0.0656556710600853,"y":-0.7107252478599548,"z":0.06693567335605622,"w":0.6972065567970276},"size":10.486483573913575,"orthographic":false}
