{"cameraMode":{"drawMode":0,"name":"Shaded","section":"Shading Mode"},"sceneLighting":false,"audioPlay":false,"sceneViewState":{"showFog":true,"showMaterialUpdate":true,"showSkybox":true,"showFlares":true,"showImageEffects":true,"showParticleSystems":true},"in2DMode":false,"pivot":{"x":7.519443511962891,"y":0.24645385146141053,"z":7.67601203918457},"rotation":{"x":0.41140487790107729,"y":-0.2308996170759201,"z":0.10856187343597412,"w":0.8750131130218506},"size":1.4165418148040772,"orthographic":false}