{"cameraMode":{"drawMode":0,"name":"Shaded","section":"Shading Mode"},"sceneLighting":true,"audioPlay":false,"sceneViewState":{"showFog":true,"showMaterialUpdate":true,"showSkybox":true,"showFlares":true,"showImageEffects":true,"showParticleSystems":true},"in2DMode":false,"pivot":{"x":-6.25206995010376,"y":-3.7635726928710939,"z":-7.704590320587158},"rotation":{"x":-0.13810506463050843,"y":0.8464819192886353,"z":-0.26546692848205569,"w":-0.44036877155303957},"size":11.56369400024414,"orthographic":false}
