{"cameraMode":{"drawMode":0,"name":"Shaded","section":"Shading Mode"},"sceneLighting":false,"audioPlay":false,"sceneViewState":{"showFog":true,"showMaterialUpdate":true,"showSkybox":true,"showFlares":true,"showImageEffects":true,"showParticleSystems":true},"in2DMode":false,"pivot":{"x":-5.001805305480957,"y":0.8413180112838745,"z":0.3981330394744873},"rotation":{"x":-0.20519547164440156,"y":0.6996399164199829,"z":-0.22172300517559052,"w":-0.6474873423576355},"size":4.328841686248779,"orthographic":false}