{"cameraMode":{"drawMode":0,"name":"Shaded","section":"Shading Mode"},"sceneLighting":true,"audioPlay":false,"sceneViewState":{"showFog":true,"showMaterialUpdate":true,"showSkybox":true,"showFlares":true,"showImageEffects":true,"showParticleSystems":true},"in2DMode":false,"pivot":{"x":3.0352094173431398,"y":-0.08827497065067291,"z":-2.4139914512634279},"rotation":{"x":0.16728262603282929,"y":-0.7520576119422913,"z":0.20886537432670594,"w":0.6023314595222473},"size":7.972476959228516,"orthographic":false}