{"cameraMode":{"drawMode":0,"name":"Shaded","section":"Shading Mode"},"sceneLighting":true,"audioPlay":false,"sceneViewState":{"showFog":true,"showMaterialUpdate":true,"showSkybox":true,"showFlares":true,"showImageEffects":true,"showParticleSystems":true},"in2DMode":false,"pivot":{"x":11.0323486328125,"y":3.7594192028045656,"z":1.6334232091903687},"rotation":{"x":0.004106369335204363,"y":-0.9478915929794312,"z":0.31833481788635256,"w":0.012227191589772702},"size":0.23925012350082398,"orthographic":false}