{"cameraMode":{"drawMode":0,"name":"Shaded","section":"Shading Mode"},"sceneLighting":false,"audioPlay":false,"sceneViewState":{"showFog":true,"showMaterialUpdate":true,"showSkybox":true,"showFlares":true,"showImageEffects":true,"showParticleSystems":true},"in2DMode":false,"pivot":{"x":3.2359421253204347,"y":2.136667251586914,"z":-5.590954303741455},"rotation":{"x":-0.08463125675916672,"y":0.6986930966377258,"z":-0.08382103592157364,"w":-0.7054427266120911},"size":1.542754054069519,"orthographic":false}