{"cameraMode":{"drawMode":0,"name":"Shaded","section":"Shading Mode"},"sceneLighting":false,"audioPlay":false,"sceneViewState":{"showFog":true,"showMaterialUpdate":true,"showSkybox":true,"showFlares":true,"showImageEffects":true,"showParticleSystems":true},"in2DMode":false,"pivot":{"x":0.00006431341171264648,"y":-33.27882766723633,"z":-0.000058770179748535156},"rotation":{"x":-0.11632291227579117,"y":0.7833389043807983,"z":-0.15422679483890534,"w":-0.5908182859420776},"size":110.00020599365235,"orthographic":false}