{"cameraMode":{"drawMode":0,"name":"Shaded","section":"Shading Mode"},"sceneLighting":false,"audioPlay":false,"sceneViewState":{"showFog":true,"showMaterialUpdate":true,"showSkybox":true,"showFlares":true,"showImageEffects":true,"showParticleSystems":true},"in2DMode":false,"pivot":{"x":-10.325981140136719,"y":1.8947635889053345,"z":-5.7215704917907719},"rotation":{"x":-0.2747560441493988,"y":0.3517815172672272,"z":0.1088196262717247,"w":0.8882122039794922},"size":6.432944297790527,"orthographic":false}