{"cameraMode":{"drawMode":0,"name":"Shaded","section":"Shading Mode"},"sceneLighting":true,"audioPlay":false,"sceneViewState":{"showFog":true,"showMaterialUpdate":true,"showSkybox":true,"showFlares":true,"showImageEffects":true,"showParticleSystems":true},"in2DMode":false,"pivot":{"x":4.824185848236084,"y":2.307828903198242,"z":7.261505603790283},"rotation":{"x":0.0006860267603769898,"y":0.989729642868042,"z":-0.14290578663349152,"w":0.004746703896671534},"size":0.7184242606163025,"orthographic":false}
