{"cameraMode":{"drawMode":0,"name":"Shaded","section":"Shading Mode"},"sceneLighting":true,"audioPlay":false,"sceneViewState":{"showFog":true,"showMaterialUpdate":true,"showSkybox":true,"showFlares":true,"showImageEffects":true,"showParticleSystems":true},"in2DMode":false,"pivot":{"x":10.210468292236329,"y":-0.3492584228515625,"z":-5.002180576324463},"rotation":{"x":-0.05402053892612457,"y":-0.9121918678283691,"z":0.3855589032173157,"w":-0.12780727446079255},"size":9.826693534851075,"orthographic":false}