{"cameraMode":{"drawMode":0,"name":"Shaded","section":"Shading Mode"},"sceneLighting":false,"audioPlay":false,"sceneViewState":{"showFog":true,"showMaterialUpdate":true,"showSkybox":true,"showFlares":true,"showImageEffects":true,"showParticleSystems":true},"in2DMode":false,"pivot":{"x":2.0829999446868898,"y":1.2236499786376954,"z":0.11200001090765},"rotation":{"x":0.21835190057754517,"y":0.3207743167877197,"z":-0.0762576311826706,"w":0.9184855222702026},"size":0.7184238433837891,"orthographic":false}