{"cameraMode":{"drawMode":0,"name":"Shaded","section":"Shading Mode"},"sceneLighting":true,"audioPlay":false,"sceneViewState":{"showFog":true,"showMaterialUpdate":true,"showSkybox":true,"showFlares":true,"showImageEffects":true,"showParticleSystems":true},"in2DMode":false,"pivot":{"x":-17.273366928100587,"y":-1.8021533489227296,"z":-5.53432559967041},"rotation":{"x":0.14181223511695863,"y":-0.44586387276649477,"z":0.0717417299747467,"w":0.8809096217155457},"size":10.164665222167969,"orthographic":false}