{"cameraMode":{"drawMode":0,"name":"Shaded","section":"Shading Mode"},"sceneLighting":false,"audioPlay":false,"sceneViewState":{"showFog":true,"showMaterialUpdate":true,"showSkybox":true,"showFlares":true,"showImageEffects":true,"showParticleSystems":true},"in2DMode":false,"pivot":{"x":-1.9785536527633668,"y":0.05876452103257179,"z":0.3540269732475281},"rotation":{"x":-0.060296304523944858,"y":0.5831500887870789,"z":-0.043464772403240207,"w":-0.8089582920074463},"size":16.000423431396486,"orthographic":false}