{"cameraMode":{"drawMode":0,"name":"Shaded","section":"Shading Mode"},"sceneLighting":false,"audioPlay":false,"sceneViewState":{"showFog":true,"showMaterialUpdate":true,"showSkybox":true,"showFlares":true,"showImageEffects":true,"showParticleSystems":true},"in2DMode":false,"pivot":{"x":4.846163749694824,"y":3.22533917427063,"z":9.983529090881348},"rotation":{"x":0.10934871435165405,"y":-0.8338384628295898,"z":0.17850995063781739,"w":0.5107870101928711},"size":1.542754054069519,"orthographic":false}