{"cameraMode":{"drawMode":0,"name":"Shaded","section":"Shading Mode"},"sceneLighting":true,"audioPlay":false,"sceneViewState":{"showFog":true,"showMaterialUpdate":true,"showSkybox":false,"showFlares":true,"showImageEffects":true,"showParticleSystems":true},"in2DMode":false,"pivot":{"x":9.287150382995606,"y":-11.752312660217286,"z":7.852619171142578},"rotation":{"x":0.4289446771144867,"y":0.2589877247810364,"z":-0.12995781004428864,"w":0.8557220697402954},"size":25.08249282836914,"orthographic":false}