{"cameraMode":{"drawMode":0,"name":"Shaded","section":"Shading Mode"},"sceneLighting":true,"audioPlay":false,"sceneViewState":{"showFog":true,"showMaterialUpdate":true,"showSkybox":false,"showFlares":true,"showImageEffects":true,"showParticleSystems":true},"in2DMode":false,"pivot":{"x":7.488533973693848,"y":0.6465034484863281,"z":1.7439734935760499},"rotation":{"x":-0.027866454795002939,"y":-0.9581580758094788,"z":0.2667265236377716,"w":-0.10010861605405808},"size":28.038806915283204,"orthographic":false}