{"cameraMode":{"drawMode":0,"name":"Shaded","section":"Shading Mode"},"sceneLighting":true,"audioPlay":false,"sceneViewState":{"showFog":true,"showMaterialUpdate":true,"showSkybox":false,"showFlares":true,"showImageEffects":true,"showParticleSystems":true},"in2DMode":false,"pivot":{"x":-2.2746362686157228,"y":-6.518540382385254,"z":-0.4784097671508789},"rotation":{"x":-0.1343069225549698,"y":0.8594236969947815,"z":-0.4003012180328369,"w":-0.2883380055427551},"size":25.567617416381837,"orthographic":false}