{"cameraMode":{"drawMode":0,"name":"Shaded","section":"Shading Mode"},"sceneLighting":true,"audioPlay":false,"sceneViewState":{"showFog":true,"showMaterialUpdate":true,"showSkybox":false,"showFlares":true,"showImageEffects":true,"showParticleSystems":true},"in2DMode":false,"pivot":{"x":-3.9088315963745119,"y":0.255522757768631,"z":-1.2854976654052735},"rotation":{"x":0.016314096748828889,"y":-0.9836006164550781,"z":0.13359856605529786,"w":0.12009971588850022},"size":6.051535129547119,"orthographic":false}