{"cameraMode":{"drawMode":0,"name":"Shaded","section":"Shading Mode"},"sceneLighting":true,"audioPlay":false,"sceneViewState":{"showFog":true,"showMaterialUpdate":true,"showSkybox":false,"showFlares":true,"showImageEffects":true,"showParticleSystems":true},"in2DMode":false,"pivot":{"x":2.4525489807128908,"y":5.985660552978516,"z":-2.2884159088134767},"rotation":{"x":-0.05410613492131233,"y":0.9312061071395874,"z":-0.3255406618118286,"w":-0.15477080643177033},"size":25.049619674682618,"orthographic":false}