{"cameraMode":{"drawMode":0,"name":"Shaded","section":"Shading Mode"},"sceneLighting":true,"audioPlay":false,"sceneViewState":{"showFog":true,"showMaterialUpdate":true,"showSkybox":false,"showFlares":true,"showImageEffects":true,"showParticleSystems":true},"in2DMode":false,"pivot":{"x":10.747413635253907,"y":1.4727224111557007,"z":5.8828606605529789},"rotation":{"x":-0.14459091424942017,"y":-0.8249552845954895,"z":0.24383826553821565,"w":-0.4891480505466461},"size":9.797754287719727,"orthographic":false}