{"cameraMode":{"drawMode":0,"name":"Shaded","section":"Shading Mode"},"sceneLighting":false,"audioPlay":false,"sceneViewState":{"showFog":true,"showMaterialUpdate":true,"showSkybox":false,"showFlares":true,"showImageEffects":true,"showParticleSystems":true},"in2DMode":false,"pivot":{"x":4.666255950927734,"y":1.0453848838806153,"z":-5.325116157531738},"rotation":{"x":-0.10832703113555908,"y":-0.870523989200592,"z":0.22135166823863984,"w":-0.4259996712207794},"size":1.5530946254730225,"orthographic":false}