{"cameraMode":{"drawMode":0,"name":"Shaded","section":"Shading Mode"},"sceneLighting":true,"audioPlay":false,"sceneViewState":{"showFog":true,"showMaterialUpdate":true,"showSkybox":false,"showFlares":true,"showImageEffects":true,"showParticleSystems":true},"in2DMode":false,"pivot":{"x":-3.743086338043213,"y":1.776125431060791,"z":0.18440604209899903},"rotation":{"x":-0.04477142542600632,"y":0.955154299736023,"z":-0.20059040188789369,"w":-0.21319250762462617},"size":4.728180408477783,"orthographic":false}