{"cameraMode":{"drawMode":0,"name":"Shaded","section":"Shading Mode"},"sceneLighting":false,"audioPlay":false,"sceneViewState":{"showFog":true,"showMaterialUpdate":true,"showSkybox":false,"showFlares":true,"showImageEffects":true,"showParticleSystems":true},"in2DMode":false,"pivot":{"x":0.0,"y":0.9356481432914734,"z":0.0744902491569519},"rotation":{"x":0.16478967666625977,"y":0.2642267346382141,"z":-0.0458691343665123,"w":0.9491822123527527},"size":0.5062001943588257,"orthographic":false}