{"cameraMode":{"drawMode":0,"name":"Shaded","section":"Shading Mode"},"sceneLighting":true,"audioPlay":false,"sceneViewState":{"showFog":true,"showMaterialUpdate":true,"showSkybox":true,"showFlares":true,"showImageEffects":true,"showParticleSystems":true},"in2DMode":false,"pivot":{"x":8.518310546875,"y":-1.6403666734695435,"z":7.559975624084473},"rotation":{"x":-0.2857832610607147,"y":-0.31397342681884768,"z":0.09971122443675995,"w":-0.8998974561691284},"size":18.56491470336914,"orthographic":false}