{"cameraMode":{"drawMode":0,"name":"Shaded","section":"Shading Mode"},"sceneLighting":true,"audioPlay":false,"sceneViewState":{"showFog":true,"showMaterialUpdate":true,"showSkybox":false,"showFlares":true,"showImageEffects":true,"showParticleSystems":true},"in2DMode":false,"pivot":{"x":-0.290993332862854,"y":-3.0442042350769045,"z":-2.5222935676574709},"rotation":{"x":0.0022050130646675827,"y":-0.9652511477470398,"z":0.2612378001213074,"w":0.008129353635013104},"size":8.973609924316407,"orthographic":false}