{"cameraMode":{"drawMode":0,"name":"Shaded","section":"Shading Mode"},"sceneLighting":true,"audioPlay":false,"sceneViewState":{"showFog":true,"showMaterialUpdate":true,"showSkybox":false,"showFlares":true,"showImageEffects":true,"showParticleSystems":true},"in2DMode":false,"pivot":{"x":-2.0883607864379885,"y":0.8772522807121277,"z":-0.17862936854362489},"rotation":{"x":0.010496838949620724,"y":-0.986685574054718,"z":0.14609698951244355,"w":0.07087837904691696},"size":2.7895352840423586,"orthographic":false}