{"cameraMode":{"drawMode":0,"name":"Shaded","section":"Shading Mode"},"sceneLighting":true,"audioPlay":false,"sceneViewState":{"showFog":true,"showMaterialUpdate":true,"showSkybox":false,"showFlares":true,"showImageEffects":true,"showParticleSystems":true},"in2DMode":false,"pivot":{"x":-2.6647653579711916,"y":-2.9843006134033205,"z":-11.640926361083985},"rotation":{"x":0.03729003295302391,"y":-0.9625492691993713,"z":0.19912981986999513,"w":0.18023130297660829},"size":37.214439392089847,"orthographic":false}