{"cameraMode":{"drawMode":0,"name":"Shaded","section":"Shading Mode"},"sceneLighting":true,"audioPlay":false,"sceneViewState":{"showFog":true,"showMaterialUpdate":true,"showSkybox":false,"showFlares":true,"showImageEffects":true,"showParticleSystems":true},"in2DMode":false,"pivot":{"x":-0.04608052968978882,"y":-0.3959319591522217,"z":-1.1174683570861817},"rotation":{"x":0.04233203083276749,"y":-0.9568853378295898,"z":0.22203080356121064,"w":0.18243905901908875},"size":1.7663135528564454,"orthographic":false}