{"cameraMode":{"drawMode":0,"name":"Shaded","section":"Shading Mode"},"sceneLighting":true,"audioPlay":false,"sceneViewState":{"showFog":true,"showMaterialUpdate":true,"showSkybox":false,"showFlares":true,"showImageEffects":true,"showParticleSystems":true},"in2DMode":false,"pivot":{"x":0.029594898223876954,"y":1.0199506282806397,"z":-8.480171203613282},"rotation":{"x":0.14895504713058473,"y":-0.6465269327163696,"z":0.130720317363739,"w":0.7367057800292969},"size":5.632152080535889,"orthographic":false}