{"cameraMode":{"drawMode":0,"name":"Shaded","section":"Shading Mode"},"sceneLighting":true,"audioPlay":false,"sceneViewState":{"showFog":true,"showMaterialUpdate":true,"showSkybox":false,"showFlares":true,"showImageEffects":true,"showParticleSystems":true},"in2DMode":false,"pivot":{"x":2.47167706489563,"y":0.48031631112098696,"z":2.410853385925293},"rotation":{"x":-0.08441333472728729,"y":0.09460707008838654,"z":-0.008051394484937191,"w":-0.9918981194496155},"size":8.729125022888184,"orthographic":false}