{"cameraMode":{"drawMode":0,"name":"Shaded","section":"Shading Mode"},"sceneLighting":true,"audioPlay":false,"sceneViewState":{"showFog":true,"showMaterialUpdate":true,"showSkybox":false,"showFlares":true,"showImageEffects":true,"showParticleSystems":true},"in2DMode":false,"pivot":{"x":2.11576247215271,"y":3.402611494064331,"z":4.0102009773254398},"rotation":{"x":0.005904319696128368,"y":0.9870113134384155,"z":-0.15614356100559236,"w":0.03732302039861679},"size":0.5495506525039673,"orthographic":false}