{"cameraMode":{"drawMode":0,"name":"Shaded","section":"Shading Mode"},"sceneLighting":true,"audioPlay":false,"sceneViewState":{"showFog":true,"showMaterialUpdate":true,"showSkybox":false,"showFlares":true,"showImageEffects":true,"showParticleSystems":true},"in2DMode":false,"pivot":{"x":-2.6596388816833498,"y":4.756903171539307,"z":-3.321943521499634},"rotation":{"x":0.2459983080625534,"y":-0.0351690948009491,"z":0.008923378773033619,"w":0.9686170220375061},"size":4.660893440246582,"orthographic":false}