{"cameraMode":{"drawMode":0,"name":"Shaded","section":"Shading Mode"},"sceneLighting":true,"audioPlay":false,"sceneViewState":{"showFog":true,"showMaterialUpdate":true,"showSkybox":false,"showFlares":true,"showImageEffects":true,"showParticleSystems":true},"in2DMode":false,"pivot":{"x":-1.855949878692627,"y":0.3902147114276886,"z":3.45174503326416},"rotation":{"x":0.13424234092235566,"y":-0.6976464986801148,"z":0.13561853766441346,"w":0.6905645132064819},"size":8.051726341247559,"orthographic":false}