{"cameraMode":{"drawMode":0,"name":"Shaded","section":"Shading Mode"},"sceneLighting":true,"audioPlay":false,"sceneViewState":{"showFog":true,"showMaterialUpdate":true,"showSkybox":false,"showFlares":true,"showImageEffects":true,"showParticleSystems":true},"in2DMode":false,"pivot":{"x":-5.871020317077637,"y":-2.6308095455169679,"z":11.961779594421387},"rotation":{"x":-0.12628522515296937,"y":0.671043336391449,"z":-0.11757481843233109,"w":-0.7211719751358032},"size":9.797754287719727,"orthographic":false}