{"cameraMode":{"drawMode":0,"name":"Shaded","section":"Shading Mode"},"sceneLighting":true,"audioPlay":false,"sceneViewState":{"showFog":true,"showMaterialUpdate":true,"showSkybox":false,"showFlares":true,"showImageEffects":true,"showParticleSystems":true},"in2DMode":false,"pivot":{"x":3.161655902862549,"y":-2.927529811859131,"z":0.744882345199585},"rotation":{"x":0.4768213629722595,"y":-0.3779735863208771,"z":0.2377810776233673,"w":0.7571964859962463},"size":17.39048957824707,"orthographic":false}