{"cameraMode":{"drawMode":0,"name":"Shaded","section":"Shading Mode"},"sceneLighting":true,"audioPlay":false,"sceneViewState":{"showFog":true,"showMaterialUpdate":true,"showSkybox":false,"showFlares":true,"showImageEffects":true,"showParticleSystems":true},"in2DMode":false,"pivot":{"x":0.09851187467575073,"y":0.48161080479621889,"z":0.16140393912792207},"rotation":{"x":-0.07796958088874817,"y":0.5892687439918518,"z":-0.05727813020348549,"w":-0.8021270632743836},"size":0.4343003034591675,"orthographic":false}