{"cameraMode":{"drawMode":0,"name":"Shaded","section":"Shading Mode"},"sceneLighting":true,"audioPlay":false,"sceneViewState":{"showFog":true,"showMaterialUpdate":true,"showSkybox":false,"showFlares":true,"showImageEffects":true,"showParticleSystems":true},"in2DMode":false,"pivot":{"x":3.616030216217041,"y":-0.44478511810302737,"z":-3.4029159545898439},"rotation":{"x":0.09599044919013977,"y":0.882481038570404,"z":-0.20560142397880555,"w":0.4120054244995117},"size":16.554767608642579,"orthographic":false}