{"cameraMode":{"drawMode":0,"name":"Shaded","section":"Shading Mode"},"sceneLighting":true,"audioPlay":false,"sceneViewState":{"showFog":true,"showMaterialUpdate":true,"showSkybox":false,"showFlares":true,"showImageEffects":true,"showParticleSystems":true},"in2DMode":false,"pivot":{"x":-2.843899726867676,"y":0.9274554252624512,"z":-1.3547024726867676},"rotation":{"x":0.029314301908016206,"y":-0.9621232151985169,"z":0.24556580185890199,"w":0.11483575403690338},"size":8.955362319946289,"orthographic":false}