{"cameraMode":{"drawMode":0,"name":"Shaded","section":"Shading Mode"},"sceneLighting":true,"audioPlay":false,"sceneViewState":{"showFog":true,"showMaterialUpdate":true,"showSkybox":false,"showFlares":true,"showImageEffects":true,"showParticleSystems":true},"in2DMode":false,"pivot":{"x":-11.110067367553711,"y":0.9072985649108887,"z":-8.145557403564454},"rotation":{"x":0.15650083124637605,"y":-0.5702822804450989,"z":0.11173959076404572,"w":0.7986400127410889},"size":3.442946672439575,"orthographic":false}