{"cameraMode":{"drawMode":0,"name":"Shaded","section":"Shading Mode"},"sceneLighting":true,"audioPlay":false,"sceneViewState":{"showFog":true,"showMaterialUpdate":true,"showSkybox":false,"showFlares":true,"showImageEffects":true,"showParticleSystems":true},"in2DMode":false,"pivot":{"x":-7.295907974243164,"y":0.3143959641456604,"z":-6.532309532165527},"rotation":{"x":0.10382823646068573,"y":-0.8952574133872986,"z":0.3301916718482971,"w":0.2809712588787079},"size":2.6856560707092287,"orthographic":false}