{"cameraMode":{"drawMode":0,"name":"Shaded","section":"Shading Mode"},"sceneLighting":true,"audioPlay":false,"sceneViewState":{"showFog":true,"showMaterialUpdate":true,"showSkybox":false,"showFlares":true,"showImageEffects":true,"showParticleSystems":true},"in2DMode":false,"pivot":{"x":-0.8554601669311523,"y":0.8052009344100952,"z":0.06345129013061524},"rotation":{"x":-0.17257319390773774,"y":-0.3166630268096924,"z":0.05870619788765907,"w":-0.9308604598045349},"size":4.912320613861084,"orthographic":false}