{"cameraMode":{"drawMode":0,"name":"Shaded","section":"Shading Mode"},"sceneLighting":true,"audioPlay":false,"sceneViewState":{"showFog":true,"showMaterialUpdate":true,"showSkybox":false,"showFlares":true,"showImageEffects":true,"showParticleSystems":true},"in2DMode":false,"pivot":{"x":0.8091812133789063,"y":1.8279343843460084,"z":-2.617236614227295},"rotation":{"x":-0.06303440034389496,"y":0.36598557233810427,"z":-0.024855762720108033,"w":-0.9281514286994934},"size":4.855692386627197,"orthographic":false}