{"cameraMode":{"drawMode":0,"name":"Shaded","section":"Shading Mode"},"sceneLighting":true,"audioPlay":false,"sceneViewState":{"showFog":true,"showMaterialUpdate":true,"showSkybox":false,"showFlares":true,"showImageEffects":true,"showParticleSystems":true},"in2DMode":false,"pivot":{"x":3.6059186458587648,"y":-1.0413334369659424,"z":1.2729837894439698},"rotation":{"x":-0.3388684391975403,"y":0.48800569772720339,"z":-0.2131982296705246,"w":-0.7756257057189941},"size":21.532787322998048,"orthographic":false}