{"cameraMode":{"drawMode":0,"name":"Shaded","section":"Shading Mode"},"sceneLighting":true,"audioPlay":false,"sceneViewState":{"showFog":true,"showMaterialUpdate":true,"showSkybox":false,"showFlares":true,"showImageEffects":true,"showParticleSystems":true},"in2DMode":false,"pivot":{"x":-1.6993327140808106,"y":-4.906109809875488,"z":-2.969904899597168},"rotation":{"x":-0.10115660727024079,"y":0.891705334186554,"z":-0.3659127950668335,"w":-0.24649974703788758},"size":25.567617416381837,"orthographic":false}