{"cameraMode":{"drawMode":0,"name":"Shaded","section":"Shading Mode"},"sceneLighting":true,"audioPlay":false,"sceneViewState":{"showFog":true,"showMaterialUpdate":true,"showSkybox":false,"showFlares":true,"showImageEffects":true,"showParticleSystems":true},"in2DMode":false,"pivot":{"x":-0.0034828782081604006,"y":2.688922166824341,"z":-3.8005356788635256},"rotation":{"x":0.24736592173576356,"y":0.04447444528341293,"z":-0.011302284896373749,"w":0.9678782820701599},"size":0.9867112040519714,"orthographic":false}