{"cameraMode":{"drawMode":0,"name":"Shaded","section":"Shading Mode"},"sceneLighting":true,"audioPlay":false,"sceneViewState":{"showFog":true,"showMaterialUpdate":true,"showSkybox":false,"showFlares":true,"showImageEffects":true,"showParticleSystems":true},"in2DMode":false,"pivot":{"x":0.6459861397743225,"y":0.26993489265441897,"z":0.22420215606689454},"rotation":{"x":0.012842339463531971,"y":-0.9692373871803284,"z":0.24027273058891297,"w":0.051804713904857638},"size":6.588361740112305,"orthographic":false}