{"cameraMode":{"drawMode":0,"name":"Shaded","section":"Shading Mode"},"sceneLighting":true,"audioPlay":false,"sceneViewState":{"showFog":true,"showMaterialUpdate":true,"showSkybox":false,"showFlares":true,"showImageEffects":true,"showParticleSystems":true},"in2DMode":false,"pivot":{"x":-0.4237009584903717,"y":-2.946155309677124,"z":-2.577305793762207},"rotation":{"x":0.0036469644401222469,"y":-0.9674966931343079,"z":0.25252264738082888,"w":0.01395405549556017},"size":9.959542274475098,"orthographic":false}