{"cameraMode":{"drawMode":0,"name":"Shaded","section":"Shading Mode"},"sceneLighting":true,"audioPlay":false,"sceneViewState":{"showFog":true,"showMaterialUpdate":true,"showSkybox":false,"showFlares":true,"showImageEffects":true,"showParticleSystems":true},"in2DMode":false,"pivot":{"x":-0.8064327836036682,"y":-9.905725479125977,"z":15.137608528137207},"rotation":{"x":0.3408198356628418,"y":-0.09233324974775315,"z":0.03361068665981293,"w":0.9351332783699036},"size":39.58244705200195,"orthographic":false}