{"cameraMode":{"drawMode":0,"name":"Shaded","section":"Shading Mode"},"sceneLighting":true,"audioPlay":false,"sceneViewState":{"showFog":true,"showMaterialUpdate":true,"showSkybox":false,"showFlares":true,"showImageEffects":true,"showParticleSystems":true},"in2DMode":false,"pivot":{"x":2.6833977699279787,"y":2.028740167617798,"z":3.9599504470825197},"rotation":{"x":-0.02842414565384388,"y":-0.9473015069961548,"z":0.08778075128793717,"w":-0.3067976236343384},"size":2.4257078170776369,"orthographic":false}