{"cameraMode":{"drawMode":0,"name":"Shaded","section":"Shading Mode"},"sceneLighting":false,"audioPlay":false,"sceneViewState":{"showFog":true,"showMaterialUpdate":true,"showSkybox":false,"showFlares":true,"showImageEffects":true,"showParticleSystems":true},"in2DMode":false,"pivot":{"x":0.03585398197174072,"y":0.21301020681858064,"z":0.4113660454750061},"rotation":{"x":0.0624130517244339,"y":-0.7790155410766602,"z":0.07855816930532456,"w":0.618952214717865},"size":0.4788256883621216,"orthographic":false}