{"cameraMode":{"drawMode":0,"name":"Shaded","section":"Shading Mode"},"sceneLighting":true,"audioPlay":false,"sceneViewState":{"showFog":true,"showMaterialUpdate":true,"showSkybox":false,"showFlares":true,"showImageEffects":true,"showParticleSystems":true},"in2DMode":false,"pivot":{"x":2.878535747528076,"y":0.35732460021972659,"z":0.9541141986846924},"rotation":{"x":-0.06035017594695091,"y":0.92537522315979,"z":-0.3350626230239868,"w":-0.16667339205741883},"size":5.129611015319824,"orthographic":false}