{"cameraMode":{"drawMode":0,"name":"Shaded","section":"Shading Mode"},"sceneLighting":true,"audioPlay":false,"sceneViewState":{"showFog":true,"showMaterialUpdate":true,"showSkybox":false,"showFlares":true,"showImageEffects":true,"showParticleSystems":true},"in2DMode":false,"pivot":{"x":-3.8593063354492189,"y":-4.741623878479004,"z":-1.6611528396606446},"rotation":{"x":-0.12476007640361786,"y":0.8741922378540039,"z":-0.3541373312473297,"w":-0.3079565763473511},"size":25.567617416381837,"orthographic":false}