{"cameraMode":{"drawMode":0,"name":"Shaded","section":"Shading Mode"},"sceneLighting":true,"audioPlay":false,"sceneViewState":{"showFog":true,"showMaterialUpdate":true,"showSkybox":false,"showFlares":true,"showImageEffects":true,"showParticleSystems":true},"in2DMode":false,"pivot":{"x":-8.199260711669922,"y":0.773754358291626,"z":10.428302764892579},"rotation":{"x":0.018917802721261979,"y":0.9795194864273071,"z":-0.1670318990945816,"w":0.11095878481864929},"size":6.211904048919678,"orthographic":false}