{"cameraMode":{"drawMode":0,"name":"Shaded","section":"Shading Mode"},"sceneLighting":true,"audioPlay":false,"sceneViewState":{"showFog":true,"showMaterialUpdate":true,"showSkybox":false,"showFlares":true,"showImageEffects":true,"showParticleSystems":true},"in2DMode":false,"pivot":{"x":-9.820452690124512,"y":0.9773988723754883,"z":10.714532852172852},"rotation":{"x":-0.01698117144405842,"y":-0.9818723797798157,"z":0.15533262491226197,"w":-0.10734192281961441},"size":4.779061794281006,"orthographic":false}