{"cameraMode":{"drawMode":0,"name":"Shaded","section":"Shading Mode"},"sceneLighting":true,"audioPlay":false,"sceneViewState":{"showFog":true,"showMaterialUpdate":true,"showSkybox":true,"showFlares":true,"showImageEffects":true,"showParticleSystems":true},"in2DMode":false,"pivot":{"x":-10.439738273620606,"y":-5.970309257507324,"z":11.032563209533692},"rotation":{"x":-0.14988651871681214,"y":0.4243849813938141,"z":-0.07141640782356262,"w":-0.8901512622833252},"size":26.833086013793947,"orthographic":false}