{"cameraMode":{"drawMode":0,"name":"Shaded","section":"Shading Mode"},"sceneLighting":true,"audioPlay":false,"sceneViewState":{"showFog":true,"showMaterialUpdate":true,"showSkybox":false,"showFlares":true,"showImageEffects":true,"showParticleSystems":true},"in2DMode":false,"pivot":{"x":-5.068466663360596,"y":1.1264052391052247,"z":-1.2047710418701172},"rotation":{"x":-0.027866454795002939,"y":-0.9581580758094788,"z":0.2667265236377716,"w":-0.10010861605405808},"size":4.768219470977783,"orthographic":false}