{"cameraMode":{"drawMode":0,"name":"Shaded","section":"Shading Mode"},"sceneLighting":false,"audioPlay":false,"sceneViewState":{"showFog":true,"showMaterialUpdate":true,"showSkybox":false,"showFlares":true,"showImageEffects":true,"showParticleSystems":true},"in2DMode":false,"pivot":{"x":-5.001808166503906,"y":0.7999999523162842,"z":0.3967544436454773},"rotation":{"x":0.01091365423053503,"y":-0.9531049132347107,"z":0.3004765212535858,"w":0.034607306122779849},"size":2.800142765045166,"orthographic":false}