{"cameraMode":{"drawMode":0,"name":"Shaded","section":"Shading Mode"},"sceneLighting":true,"audioPlay":false,"sceneViewState":{"showFog":true,"showMaterialUpdate":true,"showSkybox":false,"showFlares":true,"showImageEffects":true,"showParticleSystems":true},"in2DMode":false,"pivot":{"x":5.395948886871338,"y":3.024120330810547,"z":-3.7854645252227785},"rotation":{"x":-0.48518484830856326,"y":0.4305987060070038,"z":-0.2983974814414978,"w":-0.700140655040741},"size":21.455495834350587,"orthographic":false}