{"cameraMode":{"drawMode":0,"name":"Shaded","section":"Shading Mode"},"sceneLighting":true,"audioPlay":false,"sceneViewState":{"showFog":true,"showMaterialUpdate":true,"showSkybox":false,"showFlares":true,"showImageEffects":true,"showParticleSystems":true},"in2DMode":false,"pivot":{"x":-0.8460540175437927,"y":1.0583893060684205,"z":0.21389609575271607},"rotation":{"x":-0.19168293476104737,"y":-0.356520414352417,"z":0.07498724013566971,"w":-0.9113361835479736},"size":6.712321758270264,"orthographic":false}