{"cameraMode":{"drawMode":0,"name":"Shaded","section":"Shading Mode"},"sceneLighting":true,"audioPlay":false,"sceneViewState":{"showFog":true,"showMaterialUpdate":true,"showSkybox":false,"showFlares":true,"showImageEffects":true,"showParticleSystems":true},"in2DMode":false,"pivot":{"x":-6.3205037117004398,"y":0.16974282264709474,"z":-7.99233341217041},"rotation":{"x":0.0012559258611872793,"y":0.995171844959259,"z":-0.0973377525806427,"w":0.012836471199989319},"size":11.005620956420899,"orthographic":false}