{"cameraMode":{"drawMode":0,"name":"Shaded","section":"Shading Mode"},"sceneLighting":true,"audioPlay":false,"sceneViewState":{"showFog":true,"showMaterialUpdate":true,"showSkybox":false,"showFlares":true,"showImageEffects":true,"showParticleSystems":true},"in2DMode":false,"pivot":{"x":2.8670566082000734,"y":4.011599540710449,"z":-4.045890808105469},"rotation":{"x":-0.4241502583026886,"y":0.49697598814964297,"z":-0.30401280522346499,"w":-0.6933579444885254},"size":21.455495834350587,"orthographic":false}