{"cameraMode":{"drawMode":0,"name":"Shaded","section":"Shading Mode"},"sceneLighting":true,"audioPlay":false,"sceneViewState":{"showFog":true,"showMaterialUpdate":true,"showSkybox":false,"showFlares":true,"showImageEffects":true,"showParticleSystems":true},"in2DMode":false,"pivot":{"x":0.5978295207023621,"y":2.505427360534668,"z":-2.896056652069092},"rotation":{"x":0.2796691656112671,"y":-0.07855673134326935,"z":0.022759292274713517,"w":0.9566631317138672},"size":1.9502930641174317,"orthographic":false}