{"cameraMode":{"drawMode":0,"name":"Shaded","section":"Shading Mode"},"sceneLighting":true,"audioPlay":false,"sceneViewState":{"showFog":true,"showMaterialUpdate":true,"showSkybox":false,"showFlares":true,"showImageEffects":true,"showParticleSystems":true},"in2DMode":false,"pivot":{"x":-9.936671257019043,"y":0.2736741304397583,"z":-8.873828887939454},"rotation":{"x":0.08290274441242218,"y":-0.7080314755439758,"z":0.08428744226694107,"w":0.6962361931800842},"size":6.051535129547119,"orthographic":false}