{"cameraMode":{"drawMode":0,"name":"Shaded","section":"Shading Mode"},"sceneLighting":true,"audioPlay":false,"sceneViewState":{"showFog":true,"showMaterialUpdate":true,"showSkybox":false,"showFlares":true,"showImageEffects":true,"showParticleSystems":true},"in2DMode":false,"pivot":{"x":0.5636577606201172,"y":0.4533268213272095,"z":-2.367685556411743},"rotation":{"x":0.16966913640499116,"y":-0.7090218663215637,"z":0.18195872008800507,"w":0.6600227355957031},"size":0.9660561680793762,"orthographic":false}