{"cameraMode":{"drawMode":0,"name":"Shaded","section":"Shading Mode"},"sceneLighting":true,"audioPlay":false,"sceneViewState":{"showFog":true,"showMaterialUpdate":true,"showSkybox":false,"showFlares":true,"showImageEffects":true,"showParticleSystems":true},"in2DMode":false,"pivot":{"x":-8.869529724121094,"y":2.0810842514038088,"z":10.364110946655274},"rotation":{"x":0.002078558085486293,"y":-0.9935790300369263,"z":0.11164800077676773,"w":0.018491335213184358},"size":3.2790615558624269,"orthographic":false}