{"cameraMode":{"drawMode":0,"name":"Shaded","section":"Shading Mode"},"sceneLighting":true,"audioPlay":false,"sceneViewState":{"showFog":true,"showMaterialUpdate":true,"showSkybox":false,"showFlares":true,"showImageEffects":true,"showParticleSystems":true},"in2DMode":false,"pivot":{"x":4.362307071685791,"y":3.626573085784912,"z":5.519371509552002},"rotation":{"x":0.06604437530040741,"y":-0.9338678121566773,"z":0.257853627204895,"w":0.23924338817596436},"size":4.662920951843262,"orthographic":false}