{"cameraMode":{"drawMode":0,"name":"Shaded","section":"Shading Mode"},"sceneLighting":true,"audioPlay":false,"sceneViewState":{"showFog":true,"showMaterialUpdate":true,"showSkybox":false,"showFlares":true,"showImageEffects":true,"showParticleSystems":true},"in2DMode":false,"pivot":{"x":-0.05782178044319153,"y":0.06392192840576172,"z":0.07593309879302979},"rotation":{"x":0.4964049458503723,"y":-0.22824107110500337,"z":0.13688553869724275,"w":0.8263515830039978},"size":1.9502930641174317,"orthographic":false}