{"cameraMode":{"drawMode":0,"name":"Shaded","section":"Shading Mode"},"sceneLighting":false,"audioPlay":false,"sceneViewState":{"showFog":true,"showMaterialUpdate":false,"showSkybox":true,"showFlares":true,"showImageEffects":false,"showParticleSystems":true},"in2DMode":false,"pivot":{"x":7.250962257385254,"y":1.4815938472747803,"z":1.5439149141311646},"rotation":{"x":0.29405519366264346,"y":-0.5497843623161316,"z":0.2150765210390091,"w":0.7516723275184631},"size":4.998608112335205,"orthographic":false}